[{"Id_Log":1,"Accion":"UPDATE","Usuario":"user4","Fecha":"2025-08-16 00:08:01.436621","TablaAfectada":"Mantenimiento"},{"Id_Log":2,"Accion":"DELETE","Usuario":"user2","Fecha":"2025-09-25 00:08:01.436636","TablaAfectada":"Finanza"},{"Id_Log":3,"Accion":"INSERT","Usuario":"user2","Fecha":"2025-08-11 00:08:01.436640","TablaAfectada":"Empleado"},{"Id_Log":4,"Accion":"EXPORT","Usuario":"user1","Fecha":"2025-10-14 00:08:01.436645","TablaAfectada":"Empleado"},{"Id_Log":5,"Accion":"LOGIN","Usuario":"user4","Fecha":"2025-08-15 00:08:01.436649","TablaAfectada":"Mantenimiento"},{"Id_Log":6,"Accion":"INSERT","Usuario":"user5","Fecha":"2025-10-02 00:08:01.436654","TablaAfectada":"Mantenimiento"},{"Id_Log":7,"Accion":"UPDATE","Usuario":"user1","Fecha":"2025-07-13 00:08:01.436658","TablaAfectada":"Mantenimiento"},{"Id_Log":8,"Accion":"DELETE","Usuario":"user5","Fecha":"2025-07-21 00:08:01.436663","TablaAfectada":"Boleto"},{"Id_Log":9,"Accion":"EXPORT","Usuario":"user1","Fecha":"2025-07-18 00:08:01.436668","TablaAfectada":"Empleado"},{"Id_Log":10,"Accion":"LOGIN","Usuario":"user3","Fecha":"2025-08-20 00:08:01.436673","TablaAfectada":"Boleto"},{"Id_Log":11,"Accion":"DELETE","Usuario":"user1","Fecha":"2025-08-24 00:08:01.436676","TablaAfectada":"Exhibicion"},{"Id_Log":12,"Accion":"LOGIN","Usuario":"user1","Fecha":"2025-07-14 00:08:01.436680","TablaAfectada":"Exhibicion"},{"Id_Log":13,"Accion":"LOGIN","Usuario":"user2","Fecha":"2025-09-11 00:08:01.436684","TablaAfectada":"Exhibicion"},{"Id_Log":14,"Accion":"EXPORT","Usuario":"user3","Fecha":"2025-10-05 00:08:01.436688","TablaAfectada":"Finanza"},{"Id_Log":15,"Accion":"EXPORT","Usuario":"user4","Fecha":"2025-07-16 00:08:01.436692","TablaAfectada":"Exhibicion"}]