[{"Id_Boleto":1,"TipoBoleto":"Adulto","FechaCompra":"2025-03-29","CostoTotal":"10.30","MetodoPago":"POS","Id_Visitante":8},{"Id_Boleto":2,"TipoBoleto":"Adulto","FechaCompra":"2025-01-01","CostoTotal":"11.92","MetodoPago":"Tarjeta","Id_Visitante":47},{"Id_Boleto":3,"TipoBoleto":"Adulto","FechaCompra":"2025-05-10","CostoTotal":"11.53","MetodoPago":"Tarjeta","Id_Visitante":7},{"Id_Boleto":4,"TipoBoleto":"Niño","FechaCompra":"2025-02-09","CostoTotal":"5.31","MetodoPago":"Efectivo","Id_Visitante":24},{"Id_Boleto":5,"TipoBoleto":"Adulto","FechaCompra":"2025-06-03","CostoTotal":"9.06","MetodoPago":"Transferencia","Id_Visitante":21},{"Id_Boleto":6,"TipoBoleto":"Niño","FechaCompra":"2025-08-13","CostoTotal":"4.59","MetodoPago":"Efectivo","Id_Visitante":20},{"Id_Boleto":7,"TipoBoleto":"Adulto","FechaCompra":"2025-01-22","CostoTotal":"11.45","MetodoPago":"Tarjeta","Id_Visitante":47},{"Id_Boleto":8,"TipoBoleto":"Adulto","FechaCompra":"2025-02-02","CostoTotal":"11.84","MetodoPago":"Tarjeta","Id_Visitante":43},{"Id_Boleto":9,"TipoBoleto":"Adulto","FechaCompra":"2025-03-09","CostoTotal":"11.89","MetodoPago":"Tarjeta","Id_Visitante":34},{"Id_Boleto":10,"TipoBoleto":"Adulto","FechaCompra":"2025-07-02","CostoTotal":"11.99","MetodoPago":"Transferencia","Id_Visitante":20},{"Id_Boleto":11,"TipoBoleto":"Adulto","FechaCompra":"2025-04-23","CostoTotal":"9.36","MetodoPago":"Tarjeta","Id_Visitante":34},{"Id_Boleto":12,"TipoBoleto":"Niño","FechaCompra":"2025-01-17","CostoTotal":"5.38","MetodoPago":"Tarjeta","Id_Visitante":22},{"Id_Boleto":13,"TipoBoleto":"Niño","FechaCompra":"2025-05-31","CostoTotal":"4.61","MetodoPago":"Efectivo","Id_Visitante":15},{"Id_Boleto":14,"TipoBoleto":"Niño","FechaCompra":"2025-02-28","CostoTotal":"5.79","MetodoPago":"Efectivo","Id_Visitante":5},{"Id_Boleto":15,"TipoBoleto":"Adulto","FechaCompra":"2025-05-12","CostoTotal":"11.01","MetodoPago":"Tarjeta","Id_Visitante":16},{"Id_Boleto":16,"TipoBoleto":"Adulto","FechaCompra":"2025-05-19","CostoTotal":"9.73","MetodoPago":"POS","Id_Visitante":9},{"Id_Boleto":17,"TipoBoleto":"Niño","FechaCompra":"2025-07-26","CostoTotal":"4.64","MetodoPago":"POS","Id_Visitante":27},{"Id_Boleto":18,"TipoBoleto":"Adulto","FechaCompra":"2025-04-01","CostoTotal":"10.40","MetodoPago":"Efectivo","Id_Visitante":28},{"Id_Boleto":19,"TipoBoleto":"Niño","FechaCompra":"2025-06-22","CostoTotal":"4.59","MetodoPago":"Transferencia","Id_Visitante":42},{"Id_Boleto":20,"TipoBoleto":"Niño","FechaCompra":"2025-07-24","CostoTotal":"4.79","MetodoPago":"POS","Id_Visitante":7},{"Id_Boleto":21,"TipoBoleto":"Niño","FechaCompra":"2025-02-05","CostoTotal":"4.92","MetodoPago":"Tarjeta","Id_Visitante":28},{"Id_Boleto":22,"TipoBoleto":"Adulto","FechaCompra":"2025-08-12","CostoTotal":"11.42","MetodoPago":"Efectivo","Id_Visitante":5},{"Id_Boleto":23,"TipoBoleto":"Niño","FechaCompra":"2025-01-13","CostoTotal":"5.95","MetodoPago":"Tarjeta","Id_Visitante":42},{"Id_Boleto":24,"TipoBoleto":"Adulto","FechaCompra":"2025-02-12","CostoTotal":"10.44","MetodoPago":"POS","Id_Visitante":27},{"Id_Boleto":25,"TipoBoleto":"Niño","FechaCompra":"2025-08-20","CostoTotal":"5.07","MetodoPago":"POS","Id_Visitante":4},{"Id_Boleto":26,"TipoBoleto":"Adulto","FechaCompra":"2025-03-09","CostoTotal":"10.27","MetodoPago":"POS","Id_Visitante":30},{"Id_Boleto":27,"TipoBoleto":"Adulto","FechaCompra":"2025-02-09","CostoTotal":"9.65","MetodoPago":"Efectivo","Id_Visitante":13},{"Id_Boleto":28,"TipoBoleto":"Niño","FechaCompra":"2025-05-29","CostoTotal":"5.62","MetodoPago":"Efectivo","Id_Visitante":48},{"Id_Boleto":29,"TipoBoleto":"Adulto","FechaCompra":"2025-01-13","CostoTotal":"10.51","MetodoPago":"Tarjeta","Id_Visitante":38},{"Id_Boleto":30,"TipoBoleto":"Niño","FechaCompra":"2025-01-15","CostoTotal":"5.78","MetodoPago":"Efectivo","Id_Visitante":33},{"Id_Boleto":31,"TipoBoleto":"Niño","FechaCompra":"2025-06-02","CostoTotal":"5.11","MetodoPago":"Tarjeta","Id_Visitante":5},{"Id_Boleto":32,"TipoBoleto":"Niño","FechaCompra":"2025-05-29","CostoTotal":"5.43","MetodoPago":"POS","Id_Visitante":39},{"Id_Boleto":33,"TipoBoleto":"Adulto","FechaCompra":"2025-06-18","CostoTotal":"11.80","MetodoPago":"Tarjeta","Id_Visitante":38},{"Id_Boleto":34,"TipoBoleto":"Adulto","FechaCompra":"2025-06-21","CostoTotal":"9.72","MetodoPago":"POS","Id_Visitante":46},{"Id_Boleto":35,"TipoBoleto":"Adulto","FechaCompra":"2025-02-03","CostoTotal":"10.37","MetodoPago":"Efectivo","Id_Visitante":43},{"Id_Boleto":36,"TipoBoleto":"Niño","FechaCompra":"2025-01-03","CostoTotal":"4.61","MetodoPago":"Tarjeta","Id_Visitante":30},{"Id_Boleto":37,"TipoBoleto":"Niño","FechaCompra":"2025-05-10","CostoTotal":"5.90","MetodoPago":"Efectivo","Id_Visitante":17},{"Id_Boleto":38,"TipoBoleto":"Adulto","FechaCompra":"2025-08-14","CostoTotal":"9.85","MetodoPago":"POS","Id_Visitante":16},{"Id_Boleto":39,"TipoBoleto":"Adulto","FechaCompra":"2025-08-02","CostoTotal":"10.84","MetodoPago":"Efectivo","Id_Visitante":35},{"Id_Boleto":40,"TipoBoleto":"Adulto","FechaCompra":"2025-06-20","CostoTotal":"11.80","MetodoPago":"Efectivo","Id_Visitante":36}]