[{"Id_Empleado":1,"Nombre":"Juan","Apellido":"Martinez","TipoEmpleado":"Mantenimiento","Cargo":"Coordinador"},{"Id_Empleado":2,"Nombre":"Carlos","Apellido":"Lopez","TipoEmpleado":"Mantenimiento","Cargo":"Coordinador"},{"Id_Empleado":3,"Nombre":"Nelson","Apellido":"Perez","TipoEmpleado":"Guía Educativo","Cargo":"Guía Senior"},{"Id_Empleado":4,"Nombre":"Andres","Apellido":"Merino","TipoEmpleado":"Equipo de Sala","Cargo":"Guía Junior"},{"Id_Empleado":5,"Nombre":"Alejandro","Apellido":"Mendez","TipoEmpleado":"Mantenimiento","Cargo":"Guía Senior"},{"Id_Empleado":6,"Nombre":"Alberto","Apellido":"Carrero","TipoEmpleado":"Guía Educativo","Cargo":"Guía Senior"},{"Id_Empleado":7,"Nombre":"Emilio","Apellido":"Torres","TipoEmpleado":"Limpieza","Cargo":"Técnico"},{"Id_Empleado":8,"Nombre":"Pedro","Apellido":"Molina","TipoEmpleado":"Limpieza","Cargo":"Técnico"},{"Id_Empleado":9,"Nombre":"Edwin","Apellido":"Gomez","TipoEmpleado":"Guía Educativo","Cargo":"Técnico"},{"Id_Empleado":10,"Nombre":"Emerson","Apellido":"Alvarado","TipoEmpleado":"Mantenimiento","Cargo":"Guía Junior"},{"Id_Empleado":11,"Nombre":"Jose","Apellido":"Beltran","TipoEmpleado":"Mantenimiento","Cargo":"Guía Senior"},{"Id_Empleado":12,"Nombre":"Miguel","Apellido":"Guzman","TipoEmpleado":"Guía Educativo","Cargo":"Coordinador"},{"Id_Empleado":13,"Nombre":"Cesar","Apellido":"Ruiz","TipoEmpleado":"Guía Educativo","Cargo":"Guía Junior"},{"Id_Empleado":14,"Nombre":"Daniel","Apellido":"Garcia","TipoEmpleado":"Limpieza","Cargo":"Operario"},{"Id_Empleado":15,"Nombre":"Pablo","Apellido":"Vazques","TipoEmpleado":"Mantenimiento","Cargo":"Coordinador"},{"Id_Empleado":16,"Nombre":"Jaime","Apellido":"Delgado","TipoEmpleado":"Guía Educativo","Cargo":"Técnico"},{"Id_Empleado":17,"Nombre":"Eduardo","Apellido":"Martinez","TipoEmpleado":"Equipo de Sala","Cargo":"Guía Junior"},{"Id_Empleado":18,"Nombre":"Victor","Apellido":"Contreras","TipoEmpleado":"Equipo de Sala","Cargo":"Técnico"},{"Id_Empleado":19,"Nombre":"Eduardo","Apellido":"Montes","TipoEmpleado":"Limpieza","Cargo":"Técnico"},{"Id_Empleado":20,"Nombre":"Lucas","Apellido":"Acevedo","TipoEmpleado":"Equipo de Sala","Cargo":"Guía Junior"}]