[{"Id_Exhibicion":1,"NombreExhibicion":"El Mariposario","Tematica":"Fotografía","CapacidadEstimada":269,"Id_Patrocinador":9.0},{"Id_Exhibicion":2,"NombreExhibicion":"Riesgolandia","Tematica":"Antropología","CapacidadEstimada":235,"Id_Patrocinador":3.0},{"Id_Exhibicion":3,"NombreExhibicion":"Planetario","Tematica":"Historia Natural","CapacidadEstimada":310,"Id_Patrocinador":7.0},{"Id_Exhibicion":4,"NombreExhibicion":"La tele","Tematica":"Arte Moderno","CapacidadEstimada":436,"Id_Patrocinador":null},{"Id_Exhibicion":5,"NombreExhibicion":"El tren","Tematica":"Arte Moderno","CapacidadEstimada":128,"Id_Patrocinador":10.0},{"Id_Exhibicion":6,"NombreExhibicion":"El huerto","Tematica":"Historia Natural","CapacidadEstimada":455,"Id_Patrocinador":10.0},{"Id_Exhibicion":7,"NombreExhibicion":"Arte y cultura","Tematica":"Antropología","CapacidadEstimada":355,"Id_Patrocinador":1.0},{"Id_Exhibicion":8,"NombreExhibicion":"El avion","Tematica":"Antropología","CapacidadEstimada":245,"Id_Patrocinador":9.0},{"Id_Exhibicion":9,"NombreExhibicion":"Invasion Dinosaurio","Tematica":"Antropología","CapacidadEstimada":320,"Id_Patrocinador":4.0},{"Id_Exhibicion":10,"NombreExhibicion":"La despensita","Tematica":"Fotografía","CapacidadEstimada":490,"Id_Patrocinador":null},{"Id_Exhibicion":11,"NombreExhibicion":"Vehiculos reales","Tematica":"Arte Moderno","CapacidadEstimada":399,"Id_Patrocinador":8.0},{"Id_Exhibicion":12,"NombreExhibicion":"Medio Ambiente","Tematica":"Ciencias","CapacidadEstimada":443,"Id_Patrocinador":10.0}]