[{"Id_Finanza":1,"TipoRegistro":"Egreso","Concepto":"Boleto","Monto":4034.75,"FechaRegistro":"2025-02-07","Id_Boleto":2.0,"Id_Patrocinador":null,"Id_Mantenimiento":null},{"Id_Finanza":2,"TipoRegistro":"Ingreso","Concepto":"Boleto","Monto":4919.84,"FechaRegistro":"2025-06-06","Id_Boleto":5.0,"Id_Patrocinador":null,"Id_Mantenimiento":null},{"Id_Finanza":3,"TipoRegistro":"Egreso","Concepto":"Patrocinio","Monto":4431.82,"FechaRegistro":"2025-05-28","Id_Boleto":null,"Id_Patrocinador":4.0,"Id_Mantenimiento":null},{"Id_Finanza":4,"TipoRegistro":"Egreso","Concepto":"Patrocinio","Monto":2004.27,"FechaRegistro":"2025-02-07","Id_Boleto":null,"Id_Patrocinador":1.0,"Id_Mantenimiento":null},{"Id_Finanza":5,"TipoRegistro":"Ingreso","Concepto":"Patrocinio","Monto":1102.02,"FechaRegistro":"2025-07-25","Id_Boleto":null,"Id_Patrocinador":9.0,"Id_Mantenimiento":null},{"Id_Finanza":6,"TipoRegistro":"Egreso","Concepto":"Boleto","Monto":2791.45,"FechaRegistro":"2025-08-23","Id_Boleto":8.0,"Id_Patrocinador":null,"Id_Mantenimiento":null},{"Id_Finanza":7,"TipoRegistro":"Egreso","Concepto":"Boleto","Monto":4009.07,"FechaRegistro":"2025-06-20","Id_Boleto":34.0,"Id_Patrocinador":null,"Id_Mantenimiento":null},{"Id_Finanza":8,"TipoRegistro":"Egreso","Concepto":"Patrocinio","Monto":3067.14,"FechaRegistro":"2025-07-04","Id_Boleto":null,"Id_Patrocinador":9.0,"Id_Mantenimiento":null},{"Id_Finanza":9,"TipoRegistro":"Egreso","Concepto":"Mantenimiento","Monto":2235.11,"FechaRegistro":"2025-02-10","Id_Boleto":null,"Id_Patrocinador":null,"Id_Mantenimiento":16.0},{"Id_Finanza":10,"TipoRegistro":"Egreso","Concepto":"Patrocinio","Monto":3761.37,"FechaRegistro":"2025-08-04","Id_Boleto":null,"Id_Patrocinador":5.0,"Id_Mantenimiento":null},{"Id_Finanza":11,"TipoRegistro":"Egreso","Concepto":"Mantenimiento","Monto":1203.84,"FechaRegistro":"2025-04-23","Id_Boleto":null,"Id_Patrocinador":null,"Id_Mantenimiento":3.0},{"Id_Finanza":12,"TipoRegistro":"Egreso","Concepto":"Boleto","Monto":1365.86,"FechaRegistro":"2025-03-23","Id_Boleto":35.0,"Id_Patrocinador":null,"Id_Mantenimiento":null},{"Id_Finanza":13,"TipoRegistro":"Ingreso","Concepto":"Boleto","Monto":762.64,"FechaRegistro":"2025-04-09","Id_Boleto":10.0,"Id_Patrocinador":null,"Id_Mantenimiento":null},{"Id_Finanza":14,"TipoRegistro":"Ingreso","Concepto":"Boleto","Monto":2080.19,"FechaRegistro":"2025-03-26","Id_Boleto":35.0,"Id_Patrocinador":null,"Id_Mantenimiento":null},{"Id_Finanza":15,"TipoRegistro":"Egreso","Concepto":"Patrocinio","Monto":320.71,"FechaRegistro":"2025-08-02","Id_Boleto":null,"Id_Patrocinador":7.0,"Id_Mantenimiento":null},{"Id_Finanza":16,"TipoRegistro":"Egreso","Concepto":"Mantenimiento","Monto":4730.85,"FechaRegistro":"2025-01-06","Id_Boleto":null,"Id_Patrocinador":null,"Id_Mantenimiento":13.0},{"Id_Finanza":17,"TipoRegistro":"Egreso","Concepto":"Boleto","Monto":4714.28,"FechaRegistro":"2025-03-18","Id_Boleto":25.0,"Id_Patrocinador":null,"Id_Mantenimiento":null},{"Id_Finanza":18,"TipoRegistro":"Egreso","Concepto":"Mantenimiento","Monto":3740.1,"FechaRegistro":"2025-05-20","Id_Boleto":null,"Id_Patrocinador":null,"Id_Mantenimiento":8.0},{"Id_Finanza":19,"TipoRegistro":"Egreso","Concepto":"Boleto","Monto":1371.95,"FechaRegistro":"2025-05-05","Id_Boleto":2.0,"Id_Patrocinador":null,"Id_Mantenimiento":null},{"Id_Finanza":20,"TipoRegistro":"Egreso","Concepto":"Patrocinio","Monto":3347.68,"FechaRegistro":"2025-07-24","Id_Boleto":null,"Id_Patrocinador":7.0,"Id_Mantenimiento":null},{"Id_Finanza":21,"TipoRegistro":"Ingreso","Concepto":"Patrocinio","Monto":4598.51,"FechaRegistro":"2025-06-09","Id_Boleto":null,"Id_Patrocinador":9.0,"Id_Mantenimiento":null},{"Id_Finanza":22,"TipoRegistro":"Ingreso","Concepto":"Patrocinio","Monto":2963.54,"FechaRegistro":"2025-06-19","Id_Boleto":null,"Id_Patrocinador":1.0,"Id_Mantenimiento":null},{"Id_Finanza":23,"TipoRegistro":"Ingreso","Concepto":"Mantenimiento","Monto":2148.78,"FechaRegistro":"2025-08-10","Id_Boleto":null,"Id_Patrocinador":null,"Id_Mantenimiento":15.0},{"Id_Finanza":24,"TipoRegistro":"Ingreso","Concepto":"Boleto","Monto":1308.18,"FechaRegistro":"2025-03-25","Id_Boleto":14.0,"Id_Patrocinador":null,"Id_Mantenimiento":null},{"Id_Finanza":25,"TipoRegistro":"Egreso","Concepto":"Patrocinio","Monto":1694.13,"FechaRegistro":"2025-08-14","Id_Boleto":null,"Id_Patrocinador":7.0,"Id_Mantenimiento":null},{"Id_Finanza":26,"TipoRegistro":"Egreso","Concepto":"Patrocinio","Monto":1268.83,"FechaRegistro":"2025-01-21","Id_Boleto":null,"Id_Patrocinador":8.0,"Id_Mantenimiento":null},{"Id_Finanza":27,"TipoRegistro":"Ingreso","Concepto":"Mantenimiento","Monto":2701.7,"FechaRegistro":"2025-09-01","Id_Boleto":null,"Id_Patrocinador":null,"Id_Mantenimiento":12.0},{"Id_Finanza":28,"TipoRegistro":"Ingreso","Concepto":"Mantenimiento","Monto":352.41,"FechaRegistro":"2025-09-03","Id_Boleto":null,"Id_Patrocinador":null,"Id_Mantenimiento":2.0},{"Id_Finanza":29,"TipoRegistro":"Ingreso","Concepto":"Boleto","Monto":1004.81,"FechaRegistro":"2025-01-06","Id_Boleto":40.0,"Id_Patrocinador":null,"Id_Mantenimiento":null},{"Id_Finanza":30,"TipoRegistro":"Ingreso","Concepto":"Boleto","Monto":639.84,"FechaRegistro":"2025-06-21","Id_Boleto":8.0,"Id_Patrocinador":null,"Id_Mantenimiento":null}]