[{"Id_Mantenimiento":1,"FechaTrabajo":"2025-07-06","Descripcion":"Trabajo de mantenimiento 1","Costo":1583.53,"Id_Empleado":14,"Id_Exhibicion":10},{"Id_Mantenimiento":2,"FechaTrabajo":"2025-05-11","Descripcion":"Trabajo de mantenimiento 2","Costo":275.51,"Id_Empleado":19,"Id_Exhibicion":4},{"Id_Mantenimiento":3,"FechaTrabajo":"2025-03-07","Descripcion":"Trabajo de mantenimiento 3","Costo":136.55,"Id_Empleado":14,"Id_Exhibicion":1},{"Id_Mantenimiento":4,"FechaTrabajo":"2025-05-14","Descripcion":"Trabajo de mantenimiento 4","Costo":1854.87,"Id_Empleado":18,"Id_Exhibicion":11},{"Id_Mantenimiento":5,"FechaTrabajo":"2025-07-04","Descripcion":"Trabajo de mantenimiento 5","Costo":1883.51,"Id_Empleado":7,"Id_Exhibicion":6},{"Id_Mantenimiento":6,"FechaTrabajo":"2025-04-21","Descripcion":"Trabajo de mantenimiento 6","Costo":186.45,"Id_Empleado":11,"Id_Exhibicion":10},{"Id_Mantenimiento":7,"FechaTrabajo":"2025-03-22","Descripcion":"Trabajo de mantenimiento 7","Costo":1343.61,"Id_Empleado":4,"Id_Exhibicion":12},{"Id_Mantenimiento":8,"FechaTrabajo":"2025-08-19","Descripcion":"Trabajo de mantenimiento 8","Costo":635.63,"Id_Empleado":10,"Id_Exhibicion":11},{"Id_Mantenimiento":9,"FechaTrabajo":"2025-04-15","Descripcion":"Trabajo de mantenimiento 9","Costo":686.06,"Id_Empleado":10,"Id_Exhibicion":9},{"Id_Mantenimiento":10,"FechaTrabajo":"2025-02-02","Descripcion":"Trabajo de mantenimiento 10","Costo":424.09,"Id_Empleado":13,"Id_Exhibicion":11},{"Id_Mantenimiento":11,"FechaTrabajo":"2025-07-11","Descripcion":"Trabajo de mantenimiento 11","Costo":1810.47,"Id_Empleado":20,"Id_Exhibicion":10},{"Id_Mantenimiento":12,"FechaTrabajo":"2025-03-19","Descripcion":"Trabajo de mantenimiento 12","Costo":841.85,"Id_Empleado":1,"Id_Exhibicion":5},{"Id_Mantenimiento":13,"FechaTrabajo":"2025-03-15","Descripcion":"Trabajo de mantenimiento 13","Costo":459.86,"Id_Empleado":19,"Id_Exhibicion":10},{"Id_Mantenimiento":14,"FechaTrabajo":"2025-06-17","Descripcion":"Trabajo de mantenimiento 14","Costo":678.39,"Id_Empleado":15,"Id_Exhibicion":8},{"Id_Mantenimiento":15,"FechaTrabajo":"2025-06-22","Descripcion":"Trabajo de mantenimiento 15","Costo":466.72,"Id_Empleado":16,"Id_Exhibicion":12},{"Id_Mantenimiento":16,"FechaTrabajo":"2025-02-13","Descripcion":"Trabajo de mantenimiento 16","Costo":1334.76,"Id_Empleado":10,"Id_Exhibicion":9},{"Id_Mantenimiento":17,"FechaTrabajo":"2025-06-19","Descripcion":"Trabajo de mantenimiento 17","Costo":1284.23,"Id_Empleado":11,"Id_Exhibicion":2},{"Id_Mantenimiento":18,"FechaTrabajo":"2025-07-29","Descripcion":"Trabajo de mantenimiento 18","Costo":1906.4,"Id_Empleado":8,"Id_Exhibicion":11}]