[{"Id_Patrocinador":1,"NombrePatrocinador":"Patrocinador_1","TipoPatrocinador":"Tigo El Salvador","Contacto":"contacto@tigo.com"},{"Id_Patrocinador":2,"NombrePatrocinador":"La Prensa Grafica","TipoPatrocinador":"Empresa","Contacto":"info@laprensagrafica.com"},{"Id_Patrocinador":3,"NombrePatrocinador":"Banco Agricola","TipoPatrocinador":"Institucion","Contacto":"patrocinios@bancoagricola.com"},{"Id_Patrocinador":4,"NombrePatrocinador":"Alba Petroleos","TipoPatrocinador":"Institucion","Contacto":"info@albapetroleos.com"},{"Id_Patrocinador":5,"NombrePatrocinador":"Super Selectos","TipoPatrocinador":"Institucion","Contacto":"alianzas@superselectos.com"},{"Id_Patrocinador":6,"NombrePatrocinador":"PCementos Progreso","TipoPatrocinador":"Empresa","Contacto":"progreso@cementos.com"},{"Id_Patrocinador":7,"NombrePatrocinador":"Claro El Salvado","TipoPatrocinador":"Institución","Contacto":"soporte@claro.com"},{"Id_Patrocinador":8,"NombrePatrocinador":"FUNDEMAS","TipoPatrocinador":"Empresa","Contacto":"info@fundemas.org"},{"Id_Patrocinador":9,"NombrePatrocinador":"Universidad Don Bosco","TipoPatrocinador":"Empresa","Contacto":"contacto@udb.edu.sv"},{"Id_Patrocinador":10,"NombrePatrocinador":"La Constancia","TipoPatrocinador":"Institucion","Contacto":"marketing@laconstancia.com"}]