[{"Id_VisitaGuiada":1,"FechaVisita":"2025-08-29","NombreInstitucion":"Centro Escolar Republica de Mexico","CantidadPersonas":21,"Id_Guia":4,"Id_Exhibicion":2},{"Id_VisitaGuiada":2,"FechaVisita":"2025-07-10","NombreInstitucion":"Colegio San Jose","CantidadPersonas":14,"Id_Guia":9,"Id_Exhibicion":5},{"Id_VisitaGuiada":3,"FechaVisita":"2025-06-04","NombreInstitucion":"Centro Escolar Maria Auxiliadora","CantidadPersonas":50,"Id_Guia":11,"Id_Exhibicion":4},{"Id_VisitaGuiada":4,"FechaVisita":"2025-06-25","NombreInstitucion":"Colegio Santa Cecilia","CantidadPersonas":37,"Id_Guia":16,"Id_Exhibicion":5},{"Id_VisitaGuiada":5,"FechaVisita":"2025-08-20","NombreInstitucion":"Centro Escolar INSA","CantidadPersonas":10,"Id_Guia":14,"Id_Exhibicion":5},{"Id_VisitaGuiada":6,"FechaVisita":"2025-01-12","NombreInstitucion":"Colegio San Luis","CantidadPersonas":26,"Id_Guia":5,"Id_Exhibicion":11},{"Id_VisitaGuiada":7,"FechaVisita":"2025-09-08","NombreInstitucion":"Liceo Cristiano","CantidadPersonas":15,"Id_Guia":15,"Id_Exhibicion":9},{"Id_VisitaGuiada":8,"FechaVisita":"2025-06-30","NombreInstitucion":"Centro Escolar La Esperanza","CantidadPersonas":40,"Id_Guia":1,"Id_Exhibicion":2},{"Id_VisitaGuiada":9,"FechaVisita":"2025-01-20","NombreInstitucion":"Colegio Don Bosco","CantidadPersonas":39,"Id_Guia":2,"Id_Exhibicion":6},{"Id_VisitaGuiada":10,"FechaVisita":"2025-05-30","NombreInstitucion":"Colegio Champagnat","CantidadPersonas":14,"Id_Guia":14,"Id_Exhibicion":3},{"Id_VisitaGuiada":11,"FechaVisita":"2025-01-11","NombreInstitucion":"Centro Escolar Santa Anita","CantidadPersonas":28,"Id_Guia":2,"Id_Exhibicion":6},{"Id_VisitaGuiada":12,"FechaVisita":"2025-02-23","NombreInstitucion":"Colegio Garcia Flamenco","CantidadPersonas":47,"Id_Guia":4,"Id_Exhibicion":6},{"Id_VisitaGuiada":13,"FechaVisita":"2025-07-19","NombreInstitucion":"Centro Escolar El Progreso","CantidadPersonas":60,"Id_Guia":14,"Id_Exhibicion":10},{"Id_VisitaGuiada":14,"FechaVisita":"2025-07-11","NombreInstitucion":"Colegio Los Andes","CantidadPersonas":20,"Id_Guia":6,"Id_Exhibicion":3},{"Id_VisitaGuiada":15,"FechaVisita":"2025-08-14","NombreInstitucion":"Centro Escolar Las Colinas","CantidadPersonas":6,"Id_Guia":6,"Id_Exhibicion":12},{"Id_VisitaGuiada":16,"FechaVisita":"2025-08-25","NombreInstitucion":"Colegio Isabel La Catolica","CantidadPersonas":55,"Id_Guia":14,"Id_Exhibicion":11},{"Id_VisitaGuiada":17,"FechaVisita":"2025-08-10","NombreInstitucion":"Centro Escolar San Miguelito","CantidadPersonas":22,"Id_Guia":6,"Id_Exhibicion":12},{"Id_VisitaGuiada":18,"FechaVisita":"2025-01-28","NombreInstitucion":"Centro Escolar San Sebastian","CantidadPersonas":60,"Id_Guia":2,"Id_Exhibicion":8},{"Id_VisitaGuiada":19,"FechaVisita":"2025-02-26","NombreInstitucion":"Colegio Belen","CantidadPersonas":57,"Id_Guia":15,"Id_Exhibicion":6},{"Id_VisitaGuiada":20,"FechaVisita":"2025-03-20","NombreInstitucion":"Centro Escolar Ciudad Delgado","CantidadPersonas":19,"Id_Guia":1,"Id_Exhibicion":11},{"Id_VisitaGuiada":21,"FechaVisita":"2025-02-19","NombreInstitucion":"Colegio Sagrado Corazon","CantidadPersonas":26,"Id_Guia":9,"Id_Exhibicion":2},{"Id_VisitaGuiada":22,"FechaVisita":"2025-09-05","NombreInstitucion":"Centro Escolar Las Margaritas","CantidadPersonas":27,"Id_Guia":17,"Id_Exhibicion":7},{"Id_VisitaGuiada":23,"FechaVisita":"2025-06-23","NombreInstitucion":"Centro Escolar Santa Maria","CantidadPersonas":26,"Id_Guia":1,"Id_Exhibicion":2},{"Id_VisitaGuiada":24,"FechaVisita":"2025-08-13","NombreInstitucion":"Colegio Francisco Gavidia","CantidadPersonas":16,"Id_Guia":19,"Id_Exhibicion":5},{"Id_VisitaGuiada":25,"FechaVisita":"2025-01-10","NombreInstitucion":"Colegio Santa Clara","CantidadPersonas":43,"Id_Guia":14,"Id_Exhibicion":6}]