[{"Id_Visitante":1,"TipoVisitante":"Niño"},{"Id_Visitante":2,"TipoVisitante":"Niño"},{"Id_Visitante":3,"TipoVisitante":"Adulto joven"},{"Id_Visitante":4,"TipoVisitante":"Adolescente"},{"Id_Visitante":5,"TipoVisitante":"Adolescente"},{"Id_Visitante":6,"TipoVisitante":"Adolescente"},{"Id_Visitante":7,"TipoVisitante":"Niño"},{"Id_Visitante":8,"TipoVisitante":"Primera infancia"},{"Id_Visitante":9,"TipoVisitante":"Niño"},{"Id_Visitante":10,"TipoVisitante":"Primera infancia"},{"Id_Visitante":11,"TipoVisitante":"Adulto mayor"},{"Id_Visitante":12,"TipoVisitante":"Niño"},{"Id_Visitante":13,"TipoVisitante":"Niño"},{"Id_Visitante":14,"TipoVisitante":"Niño"},{"Id_Visitante":15,"TipoVisitante":"Adolescente"},{"Id_Visitante":16,"TipoVisitante":"Adolescente"},{"Id_Visitante":17,"TipoVisitante":"Primera infancia"},{"Id_Visitante":18,"TipoVisitante":"Primera infancia"},{"Id_Visitante":19,"TipoVisitante":"Niño"},{"Id_Visitante":20,"TipoVisitante":"Primera infancia"},{"Id_Visitante":21,"TipoVisitante":"Adolescente"},{"Id_Visitante":22,"TipoVisitante":"Primera infancia"},{"Id_Visitante":23,"TipoVisitante":"Adulto mayor"},{"Id_Visitante":24,"TipoVisitante":"Adolescente"},{"Id_Visitante":25,"TipoVisitante":"Adulto mayor"},{"Id_Visitante":26,"TipoVisitante":"Primera infancia"},{"Id_Visitante":27,"TipoVisitante":"Adulto joven"},{"Id_Visitante":28,"TipoVisitante":"Niño"},{"Id_Visitante":29,"TipoVisitante":"Adolescente"},{"Id_Visitante":30,"TipoVisitante":"Adulto mayor"},{"Id_Visitante":31,"TipoVisitante":"Adulto joven"},{"Id_Visitante":32,"TipoVisitante":"Adulto joven"},{"Id_Visitante":33,"TipoVisitante":"Adolescente"},{"Id_Visitante":34,"TipoVisitante":"Adolescente"},{"Id_Visitante":35,"TipoVisitante":"Adulto joven"},{"Id_Visitante":36,"TipoVisitante":"Niño"},{"Id_Visitante":37,"TipoVisitante":"Niño"},{"Id_Visitante":38,"TipoVisitante":"Adulto mayor"},{"Id_Visitante":39,"TipoVisitante":"Niño"},{"Id_Visitante":40,"TipoVisitante":"Adulto joven"},{"Id_Visitante":41,"TipoVisitante":"Adulto joven"},{"Id_Visitante":42,"TipoVisitante":"Primera infancia"},{"Id_Visitante":43,"TipoVisitante":"Adulto joven"},{"Id_Visitante":44,"TipoVisitante":"Niño"},{"Id_Visitante":45,"TipoVisitante":"Adulto mayor"},{"Id_Visitante":46,"TipoVisitante":"Primera infancia"},{"Id_Visitante":47,"TipoVisitante":"Niño"},{"Id_Visitante":48,"TipoVisitante":"Adulto mayor"},{"Id_Visitante":49,"TipoVisitante":"Niño"},{"Id_Visitante":50,"TipoVisitante":"Primera infancia"}]