Id_Log,Accion,Usuario,Fecha,TablaAfectada
1,UPDATE,user4,2025-08-16 00:08:01.436621,Mantenimiento
2,DELETE,user2,2025-09-25 00:08:01.436636,Finanza
3,INSERT,user2,2025-08-11 00:08:01.436640,Empleado
4,EXPORT,user1,2025-10-14 00:08:01.436645,Empleado
5,LOGIN,user4,2025-08-15 00:08:01.436649,Mantenimiento
6,INSERT,user5,2025-10-02 00:08:01.436654,Mantenimiento
7,UPDATE,user1,2025-07-13 00:08:01.436658,Mantenimiento
8,DELETE,user5,2025-07-21 00:08:01.436663,Boleto
9,EXPORT,user1,2025-07-18 00:08:01.436668,Empleado
10,LOGIN,user3,2025-08-20 00:08:01.436673,Boleto
11,DELETE,user1,2025-08-24 00:08:01.436676,Exhibicion
12,LOGIN,user1,2025-07-14 00:08:01.436680,Exhibicion
13,LOGIN,user2,2025-09-11 00:08:01.436684,Exhibicion
14,EXPORT,user3,2025-10-05 00:08:01.436688,Finanza
15,EXPORT,user4,2025-07-16 00:08:01.436692,Exhibicion
