Id_Boleto,TipoBoleto,FechaCompra,CostoTotal,MetodoPago,Id_Visitante
1,Adulto,2025-03-29,10.30,POS,8
2,Adulto,2025-01-01,11.92,Tarjeta,47
3,Adulto,2025-05-10,11.53,Tarjeta,7
4,Niño,2025-02-09,5.31,Efectivo,24
5,Adulto,2025-06-03,9.06,Transferencia,21
6,Niño,2025-08-13,4.59,Efectivo,20
7,Adulto,2025-01-22,11.45,Tarjeta,47
8,Adulto,2025-02-02,11.84,Tarjeta,43
9,Adulto,2025-03-09,11.89,Tarjeta,34
10,Adulto,2025-07-02,11.99,Transferencia,20
11,Adulto,2025-04-23,9.36,Tarjeta,34
12,Niño,2025-01-17,5.38,Tarjeta,22
13,Niño,2025-05-31,4.61,Efectivo,15
14,Niño,2025-02-28,5.79,Efectivo,5
15,Adulto,2025-05-12,11.01,Tarjeta,16
16,Adulto,2025-05-19,9.73,POS,9
17,Niño,2025-07-26,4.64,POS,27
18,Adulto,2025-04-01,10.40,Efectivo,28
19,Niño,2025-06-22,4.59,Transferencia,42
20,Niño,2025-07-24,4.79,POS,7
21,Niño,2025-02-05,4.92,Tarjeta,28
22,Adulto,2025-08-12,11.42,Efectivo,5
23,Niño,2025-01-13,5.95,Tarjeta,42
24,Adulto,2025-02-12,10.44,POS,27
25,Niño,2025-08-20,5.07,POS,4
26,Adulto,2025-03-09,10.27,POS,30
27,Adulto,2025-02-09,9.65,Efectivo,13
28,Niño,2025-05-29,5.62,Efectivo,48
29,Adulto,2025-01-13,10.51,Tarjeta,38
30,Niño,2025-01-15,5.78,Efectivo,33
31,Niño,2025-06-02,5.11,Tarjeta,5
32,Niño,2025-05-29,5.43,POS,39
33,Adulto,2025-06-18,11.80,Tarjeta,38
34,Adulto,2025-06-21,9.72,POS,46
35,Adulto,2025-02-03,10.37,Efectivo,43
36,Niño,2025-01-03,4.61,Tarjeta,30
37,Niño,2025-05-10,5.90,Efectivo,17
38,Adulto,2025-08-14,9.85,POS,16
39,Adulto,2025-08-02,10.84,Efectivo,35
40,Adulto,2025-06-20,11.80,Efectivo,36
