Id_Empleado,Nombre,Apellido,TipoEmpleado,Cargo
1,Juan,Martinez,Mantenimiento,Coordinador
2,Carlos,Lopez,Mantenimiento,Coordinador
3,Nelson,Perez,Guía Educativo,Guía Senior
4,Andres,Merino,Equipo de Sala,Guía Junior
5,Alejandro,Mendez,Mantenimiento,Guía Senior
6,Alberto,Carrero,Guía Educativo,Guía Senior
7,Emilio,Torres,Limpieza,Técnico
8,Pedro,Molina,Limpieza,Técnico
9,Edwin,Gomez,Guía Educativo,Técnico
10,Emerson,Alvarado,Mantenimiento,Guía Junior
11,Jose,Beltran,Mantenimiento,Guía Senior
12,Miguel,Guzman,Guía Educativo,Coordinador
13,Cesar,Ruiz,Guía Educativo,Guía Junior
14,Daniel,Garcia,Limpieza,Operario
15,Pablo,Vasquez,Mantenimiento,Coordinador
16,Jaime,Delgado,Guía Educativo,Técnico
17,Eduardo,Martinez,Equipo de Sala,Guía Junior
18,Victor,Contreras,Equipo de Sala,Técnico
19,Eduardo,Montes,Limpieza,Técnico
20,Lucas,Acevedo,Equipo de Sala,Guía Junior
