Id_Exhibicion,NombreExhibicion,Tematica,CapacidadEstimada,Id_Patrocinador
1,El mariposario,Fotografia,269,9.0
2,Riesgolandia,Antropologia,235,3.0
3,El planetario,Historia Natural,310,7.0
4,La tele,Arte Moderno,436,
5,El tren,Arte Moderno,128,10.0
6,El huerto,Historia Natural,455,10.0
7,Arte y cultura,Antropologia,355,1.0
8,El avion,Antropologia,245,9.0
9,Invasion dinosaurio,Antropologia,320,4.0
10,La despensita,Fotografia,490,
11,Vehiculos reales,Arte Moderno,399,8.0
12,Medio ambiente,Ciencias,443,10.0
