Id_Finanza,TipoRegistro,Concepto,Monto,FechaRegistro,Id_Boleto,Id_Patrocinador,Id_Mantenimiento
1,Egreso,Boleto,4034.75,2025-02-07,2.0,,
2,Ingreso,Boleto,4919.84,2025-06-06,5.0,,
3,Egreso,Patrocinio,4431.82,2025-05-28,,4.0,
4,Egreso,Patrocinio,2004.27,2025-02-07,,1.0,
5,Ingreso,Patrocinio,1102.02,2025-07-25,,9.0,
6,Egreso,Boleto,2791.45,2025-08-23,8.0,,
7,Egreso,Boleto,4009.07,2025-06-20,34.0,,
8,Egreso,Patrocinio,3067.14,2025-07-04,,9.0,
9,Egreso,Mantenimiento,2235.11,2025-02-10,,,16.0
10,Egreso,Patrocinio,3761.37,2025-08-04,,5.0,
11,Egreso,Mantenimiento,1203.84,2025-04-23,,,3.0
12,Egreso,Boleto,1365.86,2025-03-23,35.0,,
13,Ingreso,Boleto,762.64,2025-04-09,10.0,,
14,Ingreso,Boleto,2080.19,2025-03-26,35.0,,
15,Egreso,Patrocinio,320.71,2025-08-02,,7.0,
16,Egreso,Mantenimiento,4730.85,2025-01-06,,,13.0
17,Egreso,Boleto,4714.28,2025-03-18,25.0,,
18,Egreso,Mantenimiento,3740.1,2025-05-20,,,8.0
19,Egreso,Boleto,1371.95,2025-05-05,2.0,,
20,Egreso,Patrocinio,3347.68,2025-07-24,,7.0,
21,Ingreso,Patrocinio,4598.51,2025-06-09,,9.0,
22,Ingreso,Patrocinio,2963.54,2025-06-19,,1.0,
23,Ingreso,Mantenimiento,2148.78,2025-08-10,,,15.0
24,Ingreso,Boleto,1308.18,2025-03-25,14.0,,
25,Egreso,Patrocinio,1694.13,2025-08-14,,7.0,
26,Egreso,Patrocinio,1268.83,2025-01-21,,8.0,
27,Ingreso,Mantenimiento,2701.7,2025-09-01,,,12.0
28,Ingreso,Mantenimiento,352.41,2025-09-03,,,2.0
29,Ingreso,Boleto,1004.81,2025-01-06,40.0,,
30,Ingreso,Boleto,639.84,2025-06-21,8.0,,
