Id_Mantenimiento,FechaTrabajo,Descripcion,Costo,Id_Empleado,Id_Exhibicion
1,2025-07-06,Trabajo de mantenimiento 1,1583.53,14,10
2,2025-05-11,Trabajo de mantenimiento 2,275.51,19,4
3,2025-03-07,Trabajo de mantenimiento 3,136.55,14,1
4,2025-05-14,Trabajo de mantenimiento 4,1854.87,18,11
5,2025-07-04,Trabajo de mantenimiento 5,1883.51,7,6
6,2025-04-21,Trabajo de mantenimiento 6,186.45,11,10
7,2025-03-22,Trabajo de mantenimiento 7,1343.61,4,12
8,2025-08-19,Trabajo de mantenimiento 8,635.63,10,11
9,2025-04-15,Trabajo de mantenimiento 9,686.06,10,9
10,2025-02-02,Trabajo de mantenimiento 10,424.09,13,11
11,2025-07-11,Trabajo de mantenimiento 11,1810.47,20,10
12,2025-03-19,Trabajo de mantenimiento 12,841.85,1,5
13,2025-03-15,Trabajo de mantenimiento 13,459.86,19,10
14,2025-06-17,Trabajo de mantenimiento 14,678.39,15,8
15,2025-06-22,Trabajo de mantenimiento 15,466.72,16,12
16,2025-02-13,Trabajo de mantenimiento 16,1334.76,10,9
17,2025-06-19,Trabajo de mantenimiento 17,1284.23,11,2
18,2025-07-29,Trabajo de mantenimiento 18,1906.4,8,11
