Id_Patrocinador,NombrePatrocinador,TipoPatrocinador,Contacto
1,Tigo El Salvador,Institucion,contacto@tigo.com
2,La Prensa Grafica,Empresa,info@laprensagrafica.com
3,Banco Agricola,Institucion,patrocinios@bancoagricola.com
4,Alba Petroleos,Institucion,info@albapetroleos.com
5,Super Selectos,Institucion,alianzas@superselectos.com
6,Cementos Progres,Empresa,progreso@cementos.com
7,Claro El Salvador,Institucion,soporte@claro.com
8,FUNDEMAS,Empresa,info@fundemas.org
9,Universidad Don Bosco,Empresa,contacto@udb.edu.sv
10,La Constancia,Institucion, marketing@laconstancia.com