Id_Visitante,TipoVisitante
1,Niño
2,Niño
3,Adulto joven
4,Adolescente
5,Adolescente
6,Adolescente
7,Niño
8,Primera infancia
9,Niño
10,Primera infancia
11,Adulto mayor
12,Niño
13,Niño
14,Niño
15,Adolescente
16,Adolescente
17,Primera infancia
18,Primera infancia
19,Niño
20,Primera infancia
21,Adolescente
22,Primera infancia
23,Adulto mayor
24,Adolescente
25,Adulto mayor
26,Primera infancia
27,Adulto joven
28,Niño
29,Adolescente
30,Adulto mayor
31,Adulto joven
32,Adulto joven
33,Adolescente
34,Adolescente
35,Adulto joven
36,Niño
37,Niño
38,Adulto mayor
39,Niño
40,Adulto joven
41,Adulto joven
42,Primera infancia
43,Adulto joven
44,Niño
45,Adulto mayor
46,Primera infancia
47,Niño
48,Adulto mayor
49,Niño
50,Primera infancia
