Id_VisitaGuiada,FechaVisita,NombreInstitucion,CantidadPersonas,Id_Guia,Id_Exhibicion
1,2025-08-29,Centro Escolar Republica de Mexico,21,4,2
2,2025-07-10,Colegio San Jose,14,9,5
3,2025-06-04,Centro Escolar Maria Auxiliadora,50,11,4
4,2025-06-25,Colegio Santa Cecilia,37,16,5
5,2025-08-20,Centro Escolar INSA,10,14,5
6,2025-01-12,Colegio San Luis,26,5,11
7,2025-09-08,Liceo Cristiano,15,15,9
8,2025-06-30,Centro Escolar La Esperanza,40,1,2
9,2025-01-20,Colegio Don Bosco,39,2,6
10,2025-05-30,Colegio Champagnat,14,14,3
11,2025-01-11,Centro Escolar Santa Anita,28,2,6
12,2025-02-23,Colegio Garcia Flamenco,47,4,6
13,2025-07-19,Centro Escolar El Progreso,60,14,10
14,2025-07-11,Colegio Los Andes,20,6,3
15,2025-08-14,Centro Escolar Las Colinas,6,6,12
16,2025-08-25,Colegio Isabel La Catolica,55,14,11
17,2025-08-10,Centro Escolar San Miguelito,22,6,12
18,2025-01-28,Centro Escolar San Sebastian,60,2,8
19,2025-02-26,Colegio Belen,57,15,6
20,2025-03-20,Centro Escolar Ciudad Delgado,19,1,11
21,2025-02-19,Colegio Sagrado Corazon,26,9,2
22,2025-09-05,Centro Escolar Las Margaritas,27,17,7
23,2025-06-23,Centro Escolar Santa Maria,26,1,2
24,2025-08-13,Colegio Francisco Gavidia,16,19,5
25,2025-01-10,Colegio Santa Clara,43,14,6
